Id,TPK
1,11.705101584821872
2,13.010614238867358
3,11.463698173681568
4,12.229684911120927
5,12.383181383187626
6,12.970385573155916
